Дата,Предсказанное значение,Реальное значение,Отклонение в %,Нижняя граница интервала,Верхняя граница интервала
2021-01-04,642.0710352071679,440.0,45.92523527435635,461.4414201960208,828.5520888201859
2021-01-05,642.1058474603763,622.0,3.2324513601891085,443.59569853057593,833.9568254539375
2021-01-07,636.3373239482838,554.0,14.862332842650511,448.22467708460937,832.5191513491809
2021-01-08,650.8532641911745,459.0,41.79809677367636,465.7482358042402,825.637011084263
2021-01-11,642.9305730702323,616.0,4.371846277635114,447.38788635809476,828.8660812153751
2021-01-12,642.9652675689894,507.0,26.817607015579753,447.0364702200398,849.3196480878272
2021-01-13,640.3703870971578,440.0,45.53872434026315,448.1266950278013,819.3536404577488
2021-01-14,637.1886976596443,494.0,28.985566327863214,448.8485155583369,819.624792534416
2021-01-18,643.7901109332729,520.0,23.80579056409094,460.84020305257917,832.4997780924568
2021-01-20,641.2261753435497,743.0,13.697688379064644,439.0681257350256,833.6032210868182
2021-01-21,638.0400713710047,601.0,6.163073439435063,442.5281302400715,816.8879274604764
2021-01-25,644.6496487963137,874.0,26.241458947790193,461.84345408140547,834.8273429249133
2021-01-26,644.6841077862155,851.0,24.243935630291954,447.5935513091286,840.3895277519856
2021-01-28,638.8914450823652,512.0,24.783485367649448,464.98543770152423,834.729121154716
2021-01-29,653.4651499702239,495.0,32.01316161014625,453.40378831903826,842.5299774195064
2021-02-01,645.5091866593546,447.0,44.409214017752696,455.315426365169,832.7773128425576
2021-02-02,645.5435278948221,1100.0,41.314224736834355,456.6659028825113,832.1199478688695
2021-02-03,642.9377518363607,508.0,26.562549574086752,456.0643029533175,839.9644872812049
2021-02-04,639.7428187937257,494.0,29.502594897515333,455.03214715998615,826.6832406400122
2021-02-08,646.3687245223952,500.0,29.27374490447903,454.5303165514589,838.6047018995831
2021-02-10,643.7935400827525,881.0,26.924683305022413,460.3236419496445,829.5944692638192
2021-02-11,640.5941925050862,900.0,28.822867499434867,459.5956020026497,827.0197167569163
2021-02-15,647.2282623854359,650.0,0.4264211714714048,450.8847341233126,841.3879147910536
2021-02-16,647.2623681120482,500.0,29.452473622409634,465.9570323803524,834.8900864255412
2021-02-18,641.445566216428,530.0,21.02746532385434,453.977105668181,823.6693739618222
2021-02-19,656.0770357493565,568.0,15.506520378407828,479.02449287745327,841.9193411761688
2021-02-22,648.0878002141269,1150.0,43.64453911181505,475.4286179252104,845.472646413745
2021-02-23,648.1217881748613,600.0,8.02029802914355,449.09404811861685,836.7966219167586
2021-02-24,645.5051165185366,850.0,24.058221586054515,456.58734181256017,825.9157486462369
2021-02-25,642.2969398597417,640.0,0.3588968530846337,455.79884633721616,840.4725542105613
2021-02-26,656.9476642612171,935.0,29.738217726073035,476.8893616490434,852.7076686648945
2021-03-01,648.9473379970422,600.0,8.157889666173693,462.06935267238964,835.4562895193822
2021-03-03,646.3609046851287,600.0,7.726817447521456,461.81126402804483,835.6889216634584
2021-03-04,643.1483134917142,1000.0,35.68516865082857,455.85634023040745,818.2212825166251
2021-03-05,657.8182927729943,450.0,46.18184283844317,471.27081751476777,846.463998817217
2021-03-09,649.8406282318108,800.0,18.76992147102365,456.77341582242985,849.018457287909
2021-03-10,647.216692851721,600.0,7.869448808620158,456.3670502996351,847.7439276974302
2021-03-11,643.9996871236867,500.0,28.799937424737344,443.91186953768727,816.4299802376439
2021-03-12,658.688921284855,700.0,5.901582673592136,467.334903147696,856.6071689177817
2021-03-15,650.666413562825,1100.0,40.848507857925,463.45685382052073,831.9856422390831
2021-03-16,650.7000482602857,700.0,7.0428502485306135,467.4107368977104,853.5207272257798
2021-03-17,648.0724810183406,800.0,18.99093987270743,457.49261518755924,841.0059219095862
2021-03-19,659.559549796716,700.0,5.7772071718977065,466.45672512774826,844.0414340722549
2021-03-23,651.5594682887605,1100.0,40.767321064658134,473.75055145075623,857.4523249200788
2021-03-24,648.9282691849329,700.0,7.295961545009585,470.23218732617624,834.775111955467
2021-03-25,645.7024343876318,700.0,7.756795087481172,449.232416212182,832.3146036237432
2021-03-26,660.4301783085768,700.0,5.652831670203308,478.0157027923929,844.4163865187999
2021-03-27,674.9894890478471,485.0,39.17309052532929,488.1944502585041,859.6084249637325
2021-03-29,652.3854891286319,613.0,6.425039009564745,463.82575101611883,845.9876115880256
2021-03-30,652.4188883172353,571.0,14.25899970529515,471.33815000268396,846.5664198534131
2021-03-31,649.784057351525,703.0,7.5698353696266,465.4910145209792,838.5264554690787
2021-04-01,646.5538080161265,610.0,5.992427543627292,456.852125271817,833.5352533385422
2021-04-02,661.3008068132401,615.0,7.52858647369758,476.9456453040909,848.1827585014864
2021-04-05,653.2450268939664,605.0,7.9743846105729554,454.31156123736275,833.277131735671
2021-04-06,653.2783083246447,964.0,32.232540630223575,457.7706935995221,845.7171826963438
2021-04-08,647.4051816237338,849.0,23.744972718052555,448.8478891775219,826.2548967816407
2021-04-09,662.171435300204,400.0,65.54285882505101,473.6481555868391,861.6457965464666
2021-04-12,654.104564652278,711.0,8.002170934981999,478.89095988372407,831.0962163766816
2021-04-13,654.1377283285365,444.0,47.32831719111182,463.42947556050314,853.9619876103302
2021-04-14,651.4956336357645,473.0,37.73692043039419,479.92359668978315,841.1549276627982
2021-04-15,648.2565552313603,520.0,24.664722159876977,453.37010173045246,836.8238689748146
2021-04-16,663.042063787168,547.0,21.21427125908007,473.6840432528079,850.4842019954866
2021-04-19,654.9641024105897,585.0,11.959675625741829,480.9770507400499,857.734487498751
2021-04-20,654.9971483324349,508.0,28.936446522132854,456.3469479823844,842.593152503227
2021-04-21,652.3514217778841,553.0,17.965899055675237,461.5337078176517,850.4660846305766
2021-04-22,649.1079288389864,680.0,4.542951641325534,457.90615890476073,841.7805726726474
2021-04-23,663.912692274132,562.0,18.133931009632036,472.8294068190103,852.866860553009
2021-04-26,655.8236401689014,568.0,15.461908480440393,465.66698046258466,830.3978047963318
2021-04-27,655.8565683363333,545.0,20.340654740611622,458.67083851207997,841.3654605046667
2021-04-28,653.2072099200037,569.0,14.799158158172887,471.74245812872505,836.9048493489311
2021-04-29,649.9593024465938,962.0,32.43666294733952,469.35709520006407,836.4666737163973
2021-04-30,664.783320761096,1052.0,36.807669129173384,466.00693626208505,848.4324669174922
2021-05-03,656.683177927213,810.0,18.928002725035427,467.561127555713,836.9976538398212
2021-05-04,656.7159883402319,613.0,7.131482600364094,476.5328475064982,840.0307155702826
2021-05-05,654.0629980621511,653.0,0.16278683953309486,458.777018679758,848.4034616913503
2021-05-06,650.81067605422,585.0,11.249688214396587,460.1551322138713,835.8038078513259
2021-05-07,665.6539492077289,501.0,32.865059722101584,488.324680985845,860.1738659125665
2021-05-10,657.5427155262786,592.0,11.07140464970922,473.3651470739753,844.2573725801618
2021-05-11,657.5754081450699,516.0,27.43709460175773,466.1433532331439,832.1982689317723
2021-05-12,654.9187859664075,1070.0,38.79263682556939,472.6568948638351,855.9709321761841
2021-05-17,658.4022530058675,652.0,0.981940645071697,482.18521356278,830.3853358044826
2021-05-18,658.4348278702837,600.0,9.739137978380615,464.81696293862035,856.6777860283053
2021-05-19,655.7745738310202,583.0,12.482774242027485,464.3155927984541,857.8434899881817
2021-05-20,652.5134227173219,609.0,7.145061201530685,456.60272897497447,833.5399765277654
2021-05-21,667.3952056169339,563.0,18.542665296080628,487.4290314339013,858.5885252974816
2021-05-24,659.2617904854563,701.0,5.954095508494102,469.82161075310177,846.1096090185416
2021-05-25,659.2942475954976,553.0,19.221382928661413,482.7694769926887,839.8365522558207
2021-05-26,656.6303616956609,747.0,12.097675810487162,469.1234784638878,849.8518168813198
2021-05-27,653.3647960488728,570.0,14.625402815591718,465.05998637703664,839.7208470647502
2021-05-28,668.2658338215789,526.0,27.046736467980782,481.25024638036035,858.5015016627565
2021-05-31,660.1213279650452,582.0,13.422908585059318,471.60340341936825,836.7578090942552
2021-06-01,660.1536673207047,423.0,56.064696766124044,480.2754857989397,865.9549737943765
2021-06-02,657.4861495602736,400.0,64.3715373900684,472.18719779329103,829.0467959470866
2021-06-03,654.2161693804237,511.0,28.026647628262957,471.7161446065049,841.2253828863771
2021-06-04,669.1364620262237,532.0,25.777530456057097,468.00241618288874,862.903924301441
2021-06-07,660.980865444634,650.0,1.6893639145590758,473.2852576253617,838.4946261907559
2021-06-08,661.0130870459185,620.0,6.615014039664274,492.64539701793876,855.3188590957943
2021-06-09,658.3419374248864,800.0,17.7072578218892,475.517790636883,847.0840817998492
2021-06-10,655.0675427119746,640.0,2.354303548746035,464.01353747974963,840.6566303755765
2021-06-11,670.0070902308688,560.0,19.644123255512287,489.59365934299257,859.6251519364347
2021-06-14,661.8404029242229,620.0,6.748452084552076,472.2626229219796,835.6912428264416
2021-06-15,661.8725067439731,629.0,5.226153695385227,478.03658760651126,854.4813451363151
2021-06-16,659.1977252354101,565.0,16.67216375847966,476.1328796244649,856.3373917342891
2021-06-17,655.9189159627915,546.0,20.131669590254855,480.7294829947696,851.2944180728193
2021-06-18,670.8777183253744,529.0,26.819984560562272,495.3454365486671,859.7944062327063
2021-06-21,662.6999402136705,592.0,11.942557468525425,479.4927594128724,853.63332800557
2021-06-22,662.731926279065,625.0,6.037108204650394,481.79571208228,848.6655548846527
2021-06-23,660.0535129107111,533.0,23.837432065799458,481.76782037506723,845.4021782547558
2021-06-24,656.7702891060073,581.0,13.04135784957097,474.6628844502902,844.8259588063089
2021-06-25,671.7483463374249,513.0,30.945096751934674,479.35492650277996,876.1963037360138
2021-06-28,663.5594775031426,557.0,19.130965440420574,471.434626570831,860.3198495089006
2021-06-29,663.5913458141638,620.0,7.030862228090934,481.2078157763048,847.9492504980474
2021-06-30,660.9093005860121,794.0,16.76205282292039,481.9757291567379,859.2830105238929
2021-07-01,657.6216622492232,534.0,23.150124016708457,465.25990722931095,842.896037143722
2021-07-02,672.6189743494753,558.0,20.541034829655064,486.1160683412415,864.6691535314295
2021-07-05,664.4190147925902,579.0,14.752852295784152,469.50914209942056,853.3086125727629
2021-07-06,664.4507653492626,581.0,14.36329868317773,490.3573977372134,862.4787538655278
2021-07-07,661.765088261313,580.0,14.097429010571217,470.3172925465324,847.8284863619384
2021-07-08,658.473035392439,571.0,15.31927064666182,479.08896285627065,834.2102695773053
2021-07-09,673.4896023615258,534.0,26.12164838230821,482.3649952386406,864.3492994914662
2021-07-12,665.278552082038,537.0,23.88799852551918,481.4159409276006,866.8425921909554
2021-07-13,665.3101848843614,539.0,23.434171592645907,479.39180152129404,860.6527301994181
2021-07-14,662.6208759366422,575.0,15.23841320637255,478.7653006726367,850.1508168140087
2021-07-15,659.3244085356356,678.0,2.7545120153929794,470.1171001179151,851.1379196042474
2021-07-16,674.3602303735765,747.0,9.72419941451452,477.7981786403996,860.2287476545821
2021-07-17,689.2239510212547,682.0,1.0592303550226863,481.8133997493204,872.1417798459672
2021-07-19,666.1380893978518,695.0,4.152792892395427,474.6047029962096,854.931873367747
2021-07-23,675.2308584656718,687.0,1.7131210384757265,476.94420700053365,865.3337524102841
2021-07-24,690.1136047472644,695.0,0.7030784536310231,514.0935981920994,876.3592304933582
2021-07-26,666.9976267794954,737.0,9.498286732768607,485.2548771879608,844.5429442403856
2021-07-27,667.0290240862494,699.0,4.57381629667391,471.9946520773526,844.4231575606066
2021-07-28,664.3324514314914,688.0,3.4400506640274053,462.92574346393116,837.2381060087641
2021-07-29,661.0271549786163,695.0,4.8881791397674395,470.9208743071916,848.361906478853
2021-07-30,676.1014865710218,818.0,17.347006531659922,488.4386933316508,863.3900430876502
2021-08-02,667.8571641611389,640.0,4.352681900177959,478.33775693984256,856.4566301158711
2021-08-03,667.8884437135314,570.0,17.173411177812525,489.70896560620787,840.1955987181432
2021-08-04,665.1882391985862,673.0,1.16073711759492,489.0038276859286,850.9805263849589
2021-08-05,661.8785282131522,573.0,15.511086948194103,462.4203151036506,854.6248582582958
2021-08-06,676.9721146764579,604.0,12.081475939810904,487.283138112855,866.3725170274266
2021-08-09,668.7167015427825,673.0,0.6364485077589129,483.2362197185079,847.0435869082223
2021-08-10,668.7478633408066,623.0,7.343156234479388,486.81034480121014,853.595218209843
2021-08-11,666.0440269656808,613.0,8.653185475641243,498.21363111835694,842.7264562564997
2021-08-12,662.7299014476882,673.0,1.5260176154995193,488.65787700729766,851.8406957630466
2021-08-13,677.842742781894,673.0,0.7195754505043095,506.7856550975196,866.777984343092
2021-08-16,669.5762389244261,573.0,16.854491958887625,476.59043163050586,854.9194394499532
2021-08-17,669.6072829680887,673.0,0.5041184297044985,486.1742481315107,861.9361500104377
2021-08-18,666.8998147328037,673.0,0.9064168301926081,474.0463741524887,853.409618463902
2021-08-19,663.5812746822243,673.0,1.399513420174701,479.58420657503325,848.7052532319366
2021-08-20,678.7133708873301,633.0,7.221701561979485,483.6136367851246,878.1166625007937
2021-08-23,670.4357763060696,731.0,8.285119520373522,480.85298053916733,859.0498331338903
2021-08-24,670.4667025953709,652.0,2.832316348983261,472.20307649336183,844.5867305723893
2021-08-25,667.7318122687053,752.0,11.205876028097698,470.849880310099,872.793035730292
2021-08-26,664.3853128954663,752.0,11.65088924262416,479.79121094147575,853.1469096367381
2021-08-27,679.5113906497609,685.0,0.8012568394509679,490.9270146650654,871.0464089525813
2021-08-30,671.1519468824278,774.0,13.287862159893054,487.2448218782775,859.814907425339
2021-08-31,671.1588838641758,750.0,10.512148818109896,491.8742311898984,857.1638469542278
2021-09-06,671.8442229912631,748.0,10.181253610793702,490.6189497697271,858.5329253653321
2021-09-07,671.8510651329806,768.0,12.51939256080982,489.78645367245394,865.3310572324536
2021-09-08,669.1103245661906,718.0,6.809146996352289,474.9419522356276,848.9698000215815
2021-09-09,665.7567142156148,718.0,7.276223646850305,462.9794233719606,853.7390227228415
2021-09-10,680.913807926607,752.0,9.452951073589498,499.5410358327272,886.923887161715
2021-09-13,672.5364991000738,718.0,6.331963913638747,483.95427111027175,856.2829418068635
2021-09-14,672.5432464017786,718.0,6.33102417802527,491.4726084489351,856.3467804256538
2021-09-15,669.7995807149332,728.0,7.994563088608077,486.7086225688574,866.4868507818472
2021-09-16,666.442414875689,718.0,7.180722162160307,464.549541444475,855.9818613046134
2021-09-17,681.6150165649431,728.0,6.3715636586616675,496.32499624155076,876.7494560530595
2021-09-20,673.2287752088844,728.0,7.52351988888951,503.4964332968355,864.2646642490822
2021-09-21,673.2354276705836,738.0,8.775687307509,491.6560082731236,871.4817168956947
2021-09-22,670.4888368637041,728.0,7.899885046194487,492.2080934494667,851.490101150078
2021-09-23,667.1281155357633,728.0,8.361522591241306,480.2563444696722,853.0876562878519
2021-09-24,682.3162252033662,738.0,7.545226937213248,490.87865982953224,868.8456814361733
2021-09-27,673.921051317695,763.0,11.674829447222157,487.46339763156254,866.3812344069253
2021-09-28,673.9276089393885,748.0,9.902726077621859,489.8050875591435,868.4515850166284
2021-09-29,671.1780930124468,738.0,9.054458941402878,487.4177073967842,856.6111701603342
2021-10-04,674.6133274265055,675.0,0.05728482570288583,501.4377918770952,875.225499819132
2021-10-05,674.6197902081933,685.0,1.5153590936944077,480.0281649053363,854.6525335841095
2021-10-06,671.811348741612,875.0,23.221560143815765,463.128173669343,869.8904783643
2021-10-07,668.3880937667218,695.0,3.829051256586792,486.5009146704263,855.7020261067678
2021-10-08,683.5477278874879,741.0,7.753343065116343,485.55004699987586,867.1540069988267
2021-10-11,674.9681288305244,750.0,10.004249489263414,471.4754619150216,869.6378871675745
2021-10-12,674.91830492672,625.0,7.9869287882752,484.9643005638072,871.6065514455388
2021-10-13,672.108601953314,695.0,3.2937263376526693,488.7706661832709,862.5595087580142
2021-10-14,668.6838136146115,665.0,0.5539569345280443,484.6900443713916,856.6853149146721
2021-10-15,683.8501358097573,635.0,7.69293477319012,491.4482674174432,882.7167108192835
2021-10-18,675.2666844503822,705.0,4.2174915673216775,486.9813250302127,852.3001671401436
2021-10-19,675.2168196452398,725.0,6.866645566173828,478.01809351552447,878.474973002995
2021-10-20,672.4058551650157,695.0,3.250956091364642,487.47541806783835,867.4708389769983
2021-10-21,668.9795334625205,705.0,5.1092860336850325,472.4539097308741,857.399163770243
2021-10-22,684.1525437320265,770.0,11.149020294542012,505.58733308828704,859.3184413643336
2021-10-25,675.56524007024,827.0,18.311337355472798,479.5782634221266,858.3331636445586
2021-10-26,675.5153343637664,880.0,23.23689382229927,492.4980960236505,871.0867193185219
2021-10-27,672.7031083767176,830.0,18.95143272569667,486.2285781631945,869.1796245139931
2021-11-01,675.8637956900978,650.0,3.979045490784284,491.50151361943347,876.3361738613728
2021-11-02,675.813849082293,675.0,0.12057023441378045,477.3890749282221,871.9146253889447
2021-11-03,673.0003615884193,664.0,1.3554761428342335,461.1679579208336,855.9475501287521
2021-11-04,669.5709731583192,620.0,7.995318251341814,476.0158157561329,866.3139390496823
2021-11-05,684.7573595765654,683.0,0.2573000844165979,497.81686333155096,876.5580798701683
2021-11-08,676.1623513099557,690.0,2.0054563318904726,477.36712121884665,854.4566611381694
2021-11-09,676.1123638008197,630.0,7.319422825526938,499.58433452879683,883.3948129653429
2021-11-10,673.2976148001499,700.0,3.8146264571214483,481.82305151732504,861.1848429919444
2021-11-11,669.8666930062284,665.0,0.7318335347711862,467.8299214792988,861.2557866604132
2021-11-12,685.0008015924473,689.0,0.5804351825185399,502.1247267450376,873.4586576918047
2021-11-15,676.2280479147566,659.0,2.614271307246835,475.01691569817723,877.1425699298838
2021-11-16,676.1198446268371,710.0,4.771852869459562,488.2185425263836,861.8359014734162
2021-11-17,673.2471032127504,720.0,6.493457887118,477.13667088923995,847.6086882918544
2021-11-18,669.7587801676333,680.0,1.5060617400539278,483.348760132339,859.0427029343691
2021-11-19,684.8904481700054,670.0,2.222454950747068,499.9752471462462,870.5941956935235
2021-11-23,676.0109118958509,640.0,5.6267049837267,487.7148931142838,879.6352316807787
2021-11-24,673.1386308255007,623.0,8.047934321910232,492.9150035634189,863.1783590909126
2021-11-25,669.650867329038,667.0,0.39743138366386277,490.3594892224058,852.3837599958473
2021-11-26,684.7800947474759,650.0,5.350783807303987,489.27913272663295,859.5721548293208
2021-11-29,676.0101526016862,600.0,12.668358766947696,497.8831950005507,864.2204454132604
2021-11-30,675.9019791648645,816.0,17.168875102345034,490.9396772085055,866.4354896000257
2021-12-01,673.0301584382797,655.0,2.752695944775531,475.06677669284414,853.3954392381302
2021-12-02,669.5429544904429,650.0,3.0066083831450565,482.6685976124582,869.7072005883398
2021-12-03,684.6697413250338,665.0,2.9578558383509446,501.34366829218936,888.0705629540297
2021-12-06,675.9012049451509,715.0,5.468362944734142,493.66300735291,857.4830358508219
2021-12-07,675.7930464338714,705.0,4.142830293067889,487.1228924726733,857.697873308385
2021-12-09,669.4350416518478,715.0,6.372721447294018,480.22726260932916,865.9910658595792
2021-12-10,684.5593879025917,715.0,4.2574282653717965,489.1517097520803,869.2337889363657
2021-12-13,675.7922572886155,755.0,10.491091749852256,492.8862903426885,864.4111248277213
2021-12-14,675.684113702885,735.0,8.070188611852375,480.3436092515469,864.6307552289029
2021-12-15,672.8132136637804,915.0,26.468501238931104,491.484570855161,862.3734993832129
2021-12-16,669.3271288132524,705.0,5.059981728616675,484.73218270933813,866.1265795924742
2021-12-17,684.4490344801497,715.0,4.272862310468566,495.5228238921355,868.1841379290121
2021-12-20,675.6833096320803,685.0,1.360100783637913,492.40306795987317,859.6869822774062
2021-12-21,675.5234678285262,686.0,1.5271912786404904,489.7634864644398,867.8522507517387
2021-12-22,672.6017520635975,685.0,1.8099632023945293,488.2133392878695,870.4349369490039
2021-12-23,669.0655290512419,712.0,6.0301223242637745,480.338967684711,862.2031958528987
2021-12-24,684.1291307304375,705.0,2.960406988590424,496.99039962534295,867.4549089735947
2021-12-27,675.2123203731873,735.0,8.134378180518741,494.8271290337534,859.2982292920163
2021-12-28,675.0525430939254,765.0,11.757837504062046,479.35685069783113,859.7681833222576
2021-12-29,672.1328174310818,705.0,4.662011711903294,483.54294312231326,859.1686845718044
2021-12-30,668.59901339139,762.0,12.257347323964563,478.7321975506887,847.1679682062771
2022-01-05,671.663882798566,495.0,35.68967329263959,480.4865123065379,869.7232564895531
2022-01-06,668.132497731538,700.0,4.5525003240659965,485.4497291144802,863.2971191508167
2022-01-07,683.1749977401079,780.0,12.413461828191299,500.30452756762304,879.0642780240279
2022-01-08,698.0346102693089,850.0,17.878281144787184,506.9330520172234,881.585675067941
2022-01-10,674.270341855426,797.0,15.398953343108413,476.76111774203144,877.970719832963
2022-01-11,674.1106936247375,900.0,25.098811819473614,496.67688377475633,869.6024259440726
2022-01-12,671.1949481660503,910.0,26.242313388346123,485.77313378314216,853.8397540091964
2022-01-13,667.665982071686,857.0,22.092650866781092,486.93216472254113,853.4073109025749
2022-01-14,682.697931244856,830.0,17.747237199414936,494.5702652010726,871.9799482684373
2022-01-17,673.7993525965329,830.0,18.819355108851457,491.7742232999904,868.8569716696668
2022-01-19,670.7260135335629,1013.0,33.78815266203723,482.8378028337197,852.6261681721434
2022-01-20,667.199466411834,950.0,29.768477219806943,479.89744736813174,857.7504423283136
2022-01-21,682.2208647496913,800.0,14.722391906288593,489.65752596338325,871.03332856411
2022-01-24,673.3283633376647,798.0,15.623012113074605,467.64100658144343,850.6628604112533
2022-01-27,666.732950751982,830.0,19.670728825062408,487.8889638683591,844.633621348313
2022-01-28,681.7437982545264,735.0,7.245741734078043,496.46286017350513,866.9827633696066
2022-01-31,672.8573740787717,685.0,1.7726461198873393,488.4213235500919,873.8862546224926
2022-02-01,672.6878156017382,530.0,26.922229358818523,466.4149308678679,869.2668765263804
2022-02-02,669.7680220264676,500.0,33.953604405293525,482.13568779588087,847.5537839525723
2022-02-03,666.2364074281977,480.0,38.79925154754119,474.92884847001955,854.3170708313809
2022-02-04,681.22578938978,520.0,31.004959498034605,500.11903471099646,863.8642384644509
2022-02-07,672.3156483946516,460.0,46.15557573796774,488.71375744212355,869.5227372157904
2022-02-08,672.146164132622,460.0,46.11873133317869,481.50125352960816,859.9751887593321
2022-02-09,669.2286595467282,440.0,52.09742262425641,469.7163822842047,851.1237013112903
2022-02-10,665.6998272191504,430.0,54.81391330677916,485.51749586189175,853.276874489919
2022-02-11,680.6770737479991,410.0,66.01879847512173,491.4221461762334,874.4702229451696
2022-02-14,671.7739227105315,370.0,81.56051965149499,476.03072256617486,848.7738482767811
2022-02-15,671.6045126634987,580.0,15.793881493706666,474.501264169882,870.8791586301423
2022-02-17,665.1632470101226,366.0,81.73859207926849,484.19361671104775,863.747375227121
2022-02-18,680.1283581062181,647.0,5.1203026439286115,495.88575692029247,892.9361277367577
2022-02-21,671.2321970264114,430.0,56.10051093637475,476.90978375959315,860.4209746225613
2022-02-22,671.0628611943824,640.0,4.8535720616222555,481.21520544912084,856.6160876177877
2022-02-23,668.1499345872495,660.0,1.2348385738256824,481.9865027162254,852.2866955586818
2022-02-24,664.626666801095,860.0,22.71782944173314,455.7426798363537,836.8644388365244
2022-02-25,679.5796424644373,740.0,8.164913180481452,489.57680060608345,868.3707342230716
2022-02-28,670.6904713422911,769.0,12.784073947686467,477.77752782567165,866.767825705381
2022-03-01,670.5212097252661,752.0,10.83494551525717,489.032332456645,868.474322543888
2022-03-02,667.6105721075102,820.0,18.584076572254858,492.92760789973426,852.3141900780322
2022-03-03,664.0900865920479,870.0,23.66780613884507,471.5755720844279,851.105823855975
2022-03-04,679.0309268226562,810.0,16.16902137991899,498.3000721136006,878.565193322115
2022-03-07,670.148745658171,733.0,8.574523102568754,478.84473151261005,846.0916857907478
2022-03-09,667.0712096277989,790.0,15.560606376227987,476.47373775644263,862.6360185801556
2022-03-10,663.5535058609014,831.0,20.14999929471704,478.45972131027247,841.5221904561221
2022-03-11,678.4822101130211,741.0,8.436948702696208,490.6587558695521,872.8079280890272
2022-03-14,669.6070173384484,641.0,4.462873219726736,486.7745951830281,849.9712392624466
2022-03-15,669.4379036247141,701.0,4.502438855247637,490.24154191743673,863.2567010300062
2022-03-16,666.5318434742782,835.0,20.175827128828963,472.598895427344,858.959815675735
2022-03-17,663.0169219970431,907.0,26.900008600105497,477.2022581768071,853.9160367007722
2022-03-18,677.9334907337511,741.0,8.510999900978257,489.2120459295614,856.6769396809618
2022-03-24,662.480338133185,729.0,9.12478214908299,461.4068317204893,858.0170201960249
2022-03-25,677.384771354395,860.0,21.234328912279658,476.20993547645816,868.5182394046417
2022-03-28,668.5235585904521,756.0,11.570957858405803,485.04290965899895,861.2195270845821
2022-03-29,668.3545933077365,810.0,17.487087245958453,486.26309524637713,869.0230871523913
2022-03-30,665.4531111672649,761.0,12.555438742803565,463.04298754762794,839.2512036161323
2022-03-31,661.9437542693269,859.0,22.940191586807117,479.6470892603129,855.4907420695677
2022-04-01,676.836051975125,625.0,8.293768316019996,491.85598820659646,870.7207768523559
2022-04-04,667.9818292164542,552.0,21.011200945009826,480.881017647481,850.6537384425882
2022-04-05,667.812938149241,872.0,23.415947459949432,483.51399017377867,862.7542570106558
2022-04-06,664.9137450137441,572.0,16.24366171568953,470.45712822359843,865.9222647170027
2022-04-07,661.4071704054687,800.0,17.32410369931641,476.2536076560373,856.9090265624956
2022-04-08,676.287332595855,572.0,18.2320511531215,485.0828678963844,855.3414455858576
2022-04-11,667.4400998424561,572.0,16.68533214028953,494.4452609727223,855.6541275119068
2022-04-12,667.2712829907522,772.0,13.565895985653862,479.07753106741285,859.6722691880773
2022-04-13,664.3743788602234,572.0,16.149366933605485,469.54774510835244,853.6491130999691
2022-04-14,660.8705865416106,572.0,15.5368158289529,462.7980307941429,844.7313758730852
2022-04-15,675.738613216585,572.0,18.136121191710668,488.4071826815126,852.1551883413505
2022-04-18,666.8983704684581,572.0,16.590624207772393,485.1777104851862,858.6372438162136
2022-04-19,666.7296278319584,630.0,5.830099655866412,468.0821330096388,842.7028390421533
2022-04-20,663.8350127060952,572.0,16.055072151415246,477.3216419261259,862.9718728423427
2022-04-21,660.3340026768265,572.0,15.443007460983646,458.69861379175484,847.1946740203871
2022-04-22,675.1898938359928,572.0,18.04019123006868,499.80379212660404,847.8752738479374
2022-04-25,666.3566410923241,582.0,14.494268228921673,483.0487913241869,861.4572251650073
2022-04-26,666.187972671327,582.0,14.465287400571643,484.6029364022194,834.5417241663317
2022-04-27,663.2956465504478,612.0,8.381641593210428,469.1183217775711,859.9621496793136
2022-04-28,659.7974188108527,612.0,7.810035753407307,471.7158153413951,850.0798502088412
2022-04-29,674.6411744545594,651.0,3.631516813296375,478.78510864011594,866.920506655805
2022-05-05,659.2608349448788,605.0,8.968733048740289,479.68630055062954,855.9003287395724
2022-05-06,674.0924550731257,615.0,9.608529280183047,476.3901374080169,859.5745495216914
2022-05-07,688.7431292304537,610.0,12.908709709910452,499.2032540650644,874.982293109697
2022-05-10,665.104662350078,615.0,8.147099569118375,477.0838255023243,853.3578988696181
2022-05-11,662.2169142391531,620.0,6.809179715992434,474.50775568890504,862.3300594012345
2022-05-12,658.7242510789049,650.0,1.342192473677677,478.19789773643424,850.6463462535818
2022-05-13,673.5437356916922,660.0,2.0520811654079054,483.091302073118,877.768604405688
2022-05-16,664.7314529639465,660.0,0.7168868127191638,472.9998835719618,846.1549178138495
2022-05-17,664.5630071894536,672.0,1.1066953587122577,452.96078424324224,849.8775660519161
2022-05-18,661.6775480835337,660.0,0.2541739520505575,464.3730738106668,866.7511559887669
2022-05-19,658.187667212931,700.0,5.973190398152708,488.9324225232229,851.1739203945557
2022-05-20,672.9950163102587,710.0,5.211969533766375,479.89587850155687,863.7137174714443
2022-05-23,664.189723587837,740.0,10.2446319475896,491.82120915347787,870.1582565082581
2022-05-24,664.0213520288293,770.0,13.763460775476721,481.041614890799,852.3338664274864
2022-05-25,661.1381819278863,751.0,11.965621580840704,464.9662320442244,855.6481662403837
2022-05-26,657.6510833387665,761.0,13.580672360214649,472.225029025119,839.8537639773216
2022-05-27,672.4462969121124,820.0,17.99435403510824,483.88193264296825,858.9998176545652
2022-05-30,663.6479941704537,761.0,12.792642027535656,468.20361893315953,860.1509876196785
2022-05-31,663.4796968187123,751.0,11.653835310424455,487.87038597087997,837.3701656493406
2022-06-01,660.5988157147419,650.0,1.6305870330372203,477.51800832163747,848.0343792651609
2022-06-02,657.1144994155921,630.0,4.3038887961257375,471.11850259819676,849.1326626953212
2022-06-03,671.897577472099,610.0,10.147143847885081,485.4377320422376,873.4100554126651
2022-06-06,663.1062647365706,620.0,6.952623344608154,460.73117461535776,852.0254790799021
2022-06-07,662.9380416003467,650.0,1.9904679385148691,466.931153939959,852.3816741645127
2022-06-08,660.0594495015974,700.0,5.705792928343223,485.1853214345723,840.6918595321597
2022-06-09,656.5779154924178,690.0,4.843780363417713,469.7422525485449,843.3853701439712
2022-06-10,671.3488580321713,1000.0,32.865114196782876,487.9806339428228,862.7405472698235
2022-06-13,662.5645353026875,790.0,16.131071480672464,468.876061417238,844.1174328245623
2022-06-14,662.3963863819744,650.0,1.9071363664575947,471.33314633701957,840.2939217123816
2022-06-15,659.5200832884531,710.0,7.10984742416154,474.2357628548135,863.0494438253946
2022-06-16,656.0413315692433,680.0,3.5233335927583362,455.4197618548989,838.7938847414464
2022-06-20,662.0228058688045,710.0,6.757351286083868,464.1902655089082,848.9374216056275
2022-06-21,661.8547311636088,664.0,0.32308265608301356,462.3402878535884,847.438689300425
2022-06-22,658.9807170753365,630.0,4.600113821481991,466.0893232540226,852.4377254489292
2022-06-23,655.504747646069,644.0,1.7864514978367934,468.43582638217714,844.5653094954097
2022-06-27,661.4810764349214,640.0,3.3564181929564714,476.6674959250403,842.2952153320929
2022-06-28,661.3130759452431,660.0,0.19895090079440897,464.8519917390032,856.7717377894196
2022-06-29,658.441350862192,710.0,7.261781568705344,466.93130547884675,842.7963679816119
2022-06-30,654.9681637228755,612.0,7.020941784783577,452.4794362260302,847.8036149433826
2022-07-01,669.7026997123878,595.0,12.555075581913918,475.3552233037574,844.9774255403706
2022-07-04,660.9393469470488,500.0,32.18786938940975,466.6038493097291,856.4305935756304
2022-07-05,660.7714206549011,495.0,33.48917588987902,472.5818135772594,855.5636782304982
2022-07-06,657.9019845594573,745.0,11.69100878396546,468.7042725878492,839.6825711139468
2022-07-07,654.4315796927474,635.0,3.0600912901964397,451.25854375975126,853.3220556305965
2022-07-08,669.1539801448586,615.0,8.805525226806271,477.6604883307793,852.0067088148527
2022-07-13,657.3626182208865,665.0,1.1484784630245901,467.81581694104415,858.1649844294614
2022-07-14,653.8949956447935,605.0,8.081817461949345,465.4500028294561,839.0585562629168
2022-07-15,668.6052605773293,653.0,2.389779567738027,480.3740072105937,857.1998426883364
2022-07-16,683.1360244036797,752.0,9.157443563340466,494.73235550924574,875.184767233656
2022-07-18,659.855887827355,730.0,9.608782489403426,472.63488223182253,853.2150815762448
2022-07-19,659.6881099662457,715.0,7.735928676049546,468.8563452005596,835.0049499987708
2022-07-20,656.8232518823156,839.0,21.713557582560714,477.6615102216413,850.7635202687317
2022-07-21,653.3584115968397,631.0,3.5433298885641342,486.90862591546363,841.8876275077947
2022-07-22,668.0565410097147,643.0,3.896818197467293,478.53640356774525,846.4645325232312
2022-07-25,659.314158267496,621.0,6.169751733896305,470.1027270772115,852.4428836663689
2022-07-27,656.2838855437725,665.0,1.3106939031921054,466.3064506081779,845.5508542918769
2022-07-28,652.8218275488858,742.0,12.018621624139374,456.9421130363819,826.9091797624828
2022-07-29,667.5078214421853,725.0,7.929955663146851,474.22484831684085,859.7677591256262
2022-08-01,658.7724287076371,670.0,1.6757569093078926,482.114050319975,838.8305661877071
2022-08-02,658.6047992775972,530.0,24.265056467471165,463.9491293964153,843.6024130916426
2022-08-03,655.7445192052018,574.0,14.2412054364463,465.8984302808403,858.4852496144008
2022-08-04,652.285243500932,540.0,20.793563611283698,458.4928550959337,833.0419784635266
2022-08-05,666.9591018746561,640.0,4.212359667915013,481.8494273158827,848.1612649572867
2022-08-08,658.2306991477781,680.0,3.2013677723855785,482.61961445701877,832.458097879188
2022-08-09,658.0631439332728,590.0,11.536126090385228,468.0686441634185,861.7304181903835
2022-08-10,655.2051529067257,610.0,7.41068080438127,471.8331730447854,845.6148039202393
2022-08-11,651.7486595327543,592.0,10.092678975127424,458.67224876415077,840.3978330769372
2022-08-12,666.4103824294123,620.0,7.48554555313101,483.66497835510154,856.6675036834197
2022-08-15,657.6889698295425,650.0,1.1829184353142375,470.9024706683355,839.7488230512182
2022-08-16,657.5214888708039,650.0,1.1571521339698254,466.3827481811057,840.1698721549524
2022-08-17,654.6657868488192,562.0,16.48857417238775,463.67062908236215,835.662538782674
2022-08-18,651.2120757639979,570.0,14.247732590175064,457.29901006683633,832.6303891451183
2022-08-19,665.8616631474143,540.0,23.30771539766932,479.95777191883434,845.2620791350724
2022-08-22,657.1472405516016,570.0,15.288989570456424,466.2440689446086,854.5021379490344
2022-08-23,656.9798338083281,600.0,9.496638968054679,471.5796843296906,837.1103654786053
2022-08-24,654.1264207909124,628.0,4.1602580877249125,461.10332999251693,827.1708810717914
2022-08-25,650.6754919952606,611.0,6.493533878111389,462.9328173669328,842.1769735259585
2022-08-26,665.3129438654162,691.0,3.717374259708224,488.143552071033,857.1697240084131
2022-08-29,656.6055112736366,560.0,17.25098415600653,465.447177059901,856.228869187855
2022-08-30,656.438178745859,574.0,14.362052046316895,470.21105014489984,852.3491933732676
2022-08-31,653.5870547330059,555.0,17.76343328522628,467.81681206968733,849.1704414674027
2022-09-05,656.0637819956714,631.0,3.9720732164297043,466.0398477148772,854.5265355071256
2022-09-06,655.89652368339,677.0,3.1172047735022157,478.73984562345976,838.2686370476679
2022-09-07,653.0476886750992,637.0,2.519260388555597,469.7233749357091,853.8277439292965
2022-09-08,649.6023244577666,731.0,11.135112933274064,465.6936403177735,845.6411433695239
2022-09-09,664.2155053014199,1115.0,40.429102663549784,479.2544838029159,850.3442030979303
2022-09-12,655.5220527177065,594.0,10.357247932273824,471.71294744977587,851.2985194018819
2022-09-13,655.354868620921,635.0,3.205491121404886,471.43257694774405,839.9968679811219
2022-09-14,652.5083226172203,495.0,31.819863154994,456.9641746035154,838.7658637399719
2022-09-15,649.0657406890292,631.0,2.86303338970352,471.1178306539768,840.087391746772
2022-09-16,663.666786050752,728.0,8.836979938083521,470.1236782961617,860.1461263030029
2022-09-19,654.9803235634909,597.0,9.711946995559607,476.23562447112846,847.9118247771441
2022-09-20,654.8132137130873,625.0,4.770114194093967,448.2514742208119,832.3561075085894
2022-09-21,651.9689567440919,495.0,31.710900352341792,473.9006661678607,833.5963980418888
2022-09-22,648.5291571347544,591.0,9.73420594496691,466.9173512064056,835.9565299603889
2022-09-23,663.1180669880667,619.0,7.127312922143254,474.37666636588716,859.9027128661612
2022-09-26,654.438594502045,560.0,16.864034732508042,465.62392048584996,844.383930266537
2022-09-27,654.271558867108,622.0,5.188353515612212,467.1770021654406,831.036827157988
2022-09-28,651.42959090176,495.0,31.601937555911107,465.75859021957933,827.8907034279293
2022-09-29,647.9925735804798,495.0,30.90759062231914,461.26692248361667,832.4429962241917
2022-09-30,662.5693479252972,801.0,17.282228723433562,469.007987474811,849.5073655551902
2022-10-03,653.8968654405993,520.0,25.749397200115247,467.9860339063977,848.2922236592623
2022-10-04,653.7299040211286,400.0,63.432476005282155,468.86616573272266,839.1548599908588
2022-10-05,650.8902250594558,627.0,3.8102432311731764,463.94079712418244,842.0933726338318
2022-10-06,647.4559900262051,500.0,29.491198005241014,465.86646300370074,845.6039419129285
2022-10-07,662.020628862612,870.0,23.905674843377923,455.8625954165758,843.6280136079973
2022-10-10,653.3551363791535,270.0,141.9833838441309,458.0863069058262,828.4289238390293
2022-10-11,653.1882491751425,270.0,141.92157376857128,454.6502600462612,845.9337661148752
2022-10-12,650.3508592171238,690.0,5.746252287373363,456.14754852351604,839.5064749051536
2022-10-13,646.9194064719304,130.0,397.6303126707157,432.4671796068361,817.3397549489447
2022-10-14,661.471909799927,110.0,501.33809981811544,465.015216247365,840.1999411277465
2022-10-19,649.811493374792,110.0,490.73772124981093,468.23733018151574,859.164503705266
2022-10-20,646.3828229176556,620.0,4.2552940189767146,460.78026671279173,832.5165394248534
2022-10-21,660.9231907372417,703.0,5.985321374503311,475.7578539694917,847.2697298404482
2022-10-24,652.271678256262,722.0,9.65766229137645,464.642229626941,829.4890914266673
2022-10-25,652.1049394899028,690.0,5.492037755086552,467.1152940338264,844.1780982876664
2022-10-26,649.2721275458415,690.0,5.902590210747609,467.4422167080998,839.3360495244343
2022-10-27,645.8462393833306,690.0,6.399095741546288,457.9487585045535,832.9461176486228
2022-10-28,660.3744717017834,770.0,14.237081597170992,477.3849070132818,860.4664119551883
2022-10-31,651.7299492418564,660.0,1.2530379936581229,457.74498637386984,827.842969134081
2022-11-01,651.5632846909504,600.0,8.593880781825058,469.21587356999515,844.9134117413244
2022-11-02,648.7327617503446,450.0,44.16283594452102,454.17976378946315,836.9121779345293
2022-11-03,645.3096558756491,550.0,17.329028341027115,454.21661269178264,833.1649878365055
2022-11-04,659.8257526867452,530.0,24.495425035234945,462.12105696357315,849.5130131262478
2022-11-07,651.1882202274747,590.0,10.370884784317754,462.25223055751036,828.9200898513752
2022-11-08,651.0216298920046,550.0,18.367569071273568,463.6443981024748,831.470303114334
2022-11-09,648.1933959548476,650.0,0.277939083869604,449.0322360683641,834.8381408221936
2022-11-10,644.7730723679676,625.0,3.1636915788748228,452.82129640340537,837.7713960477649
2022-11-11,659.277033671707,619.0,6.506790577012447,473.5051857250175,832.4352514096331
2022-11-14,650.646491213069,672.0,3.177605474245685,466.60755300867925,836.1784077981195
2022-11-15,650.4799750930588,634.0,2.5993651566338776,449.9418646365987,836.5220901073365
2022-11-16,647.6540301593507,687.0,5.727215406208054,459.4649633956865,830.2896334746393
2022-11-17,644.2364888602862,570.0,13.023945414085292,457.8836505119821,825.7415972206845
2022-11-18,658.7283146565849,950.0,30.660177404570018,468.6846786538326,853.4632027668594
2022-11-21,650.1047621986634,750.0,13.31936504017822,469.68879035119886,833.1070773748064
2022-11-22,649.938320294113,700.0,7.1516685294124205,461.0357631583266,862.1016194764184
2022-11-23,647.114664363881,700.0,7.555047948016994,444.7058282769487,834.8132327419003
2022-11-24,643.6999053526048,700.0,8.042870663913602,447.97456078783495,835.1682832458959
2022-11-25,658.1795956415466,1200.0,45.15170036320445,464.1555252590563,862.0572690884471
2022-11-28,649.5630331842816,1183.0,45.091882232943234,459.6396013253106,819.7206600630318
2022-11-29,649.3966655025968,559.0,16.17113873033931,454.8589110035052,829.3000264830351
2022-11-30,646.5752985831804,837.0,22.750860384327314,461.2979235817988,836.7626209769539
2022-12-01,643.1633218670031,670.0,4.005474348208492,448.20118093648824,830.5220717950258
2022-12-02,657.6308766566139,680.0,3.289576962262669,470.728110924612,844.2519851637272
2022-12-05,649.0213042218896,700.0,7.282670825444337,457.67498576390864,847.6585411816552
2022-12-06,648.8550107556575,670.0,3.1559685439317113,461.80962616535004,843.7227126995607
2022-12-07,646.0359328394703,690.0,6.37160393630865,467.23508946469684,846.7715299977853
2022-12-09,657.0821576941769,1172.0,43.934969480019035,470.1188238072045,842.6872141487178
2022-12-12,648.4795752594978,730.0,11.167181471301674,460.7832333695662,830.5243488705884
2022-12-13,648.3133560087184,680.0,4.659800586953175,457.6350463781475,834.5097992082608
2022-12-14,645.49656709576,680.0,5.074034250623524,457.7301084874582,836.0310036280166
2022-12-15,642.0901549546606,640.0,0.32658671166572617,463.4358709283923,831.5293972419536
2022-12-16,656.5334387318235,590.0,11.276854022342961,452.4234277963236,830.8522037980571
2022-12-19,647.9378462971058,530.0,22.252423829642606,456.20367365690987,846.9428683355837
2022-12-20,647.7717012617725,530.0,22.221075709768392,456.4812649209448,827.1869013584898
2022-12-21,644.95720135205,630.0,2.37415894476984,460.10271728827496,828.0286824719491
2022-12-22,641.5535714984989,530.0,21.047843678962046,439.84140311637236,835.9881766902836
2022-12-23,655.9847197694701,530.0,23.77070184329624,468.19118643960877,835.8568099112339
2022-12-26,647.3961173347141,590.0,9.72815548046001,461.4020739748644,826.8702588408363
2022-12-27,647.2300465148335,530.0,22.118876700911976,456.7001026343052,840.2443931251967
2022-12-28,644.4178356083398,1115.0,42.204678420776695,453.9324509765533,839.0332284835192
2022-12-29,641.0169880423371,675.0,5.0345202900241395,442.34671962966723,835.4957013021365
2022-12-30,655.4360008071167,530.0,23.66716996360692,463.5772542132673,853.390581015043
2023-01-04,643.8784698646297,472.0,36.41493005606561,452.53258303280865,820.5130735135403
2023-01-05,640.4804045861567,472.0,35.695000971643374,460.3687480578076,827.2716064195143
2023-01-06,654.8872818410762,472.0,38.74730547480427,471.6319042166308,851.6789363032901
2023-01-07,669.11827015667,472.0,41.76234537217584,490.1791395587044,867.5921868684749
2023-01-09,646.3126593953695,472.0,36.93064817698505,441.26824930558104,848.9962772880673
2023-01-10,646.1467370027566,472.0,36.895495127702674,460.9956230625105,827.1122545644048
2023-01-11,643.3391040992011,572.0,12.47187134601418,459.8074854572506,835.0751844683446
2023-01-12,639.9438211047557,572.0,11.878290402929313,460.0347638912261,835.3335503922291
2023-01-13,654.3385628529128,592.0,10.530162644073107,457.94386741849354,840.6342365605688
2023-01-16,645.77093040752,746.0,13.435532116954418,455.5791478054208,833.5346017323793
2023-01-17,645.6050822303398,612.0,5.491026508225458,469.95374891118337,839.750053036269
2023-01-18,642.7997383301209,881.0,27.037487136195125,471.8625630560369,835.8117517539108
2023-01-19,639.4072376233547,631.0,1.332367293717071,450.87348032275276,832.6384369312036
2023-01-20,653.7898438647492,671.0,2.564851883047813,470.2447056496681,836.0610186590503
2023-01-23,645.229201419647,671.0,3.8406555261330877,454.7443888703075,838.7969019161319
2023-01-24,645.0634274579227,671.0,3.8653610345867855,480.25289274048623,841.6882746037307
2023-01-25,642.2603725610406,471.0,36.36101328259886,448.0542840742219,834.7579429148822
2023-01-26,638.8706541419537,691.0,7.544044263103669,453.28831032604097,815.5050094392707
2023-01-27,653.2411248765023,1191.0,45.15187868375295,465.8249956121726,851.238052162779
2023-01-30,644.6874724317737,709.0,9.070878359411326,456.8866543788231,843.8079482941399
2023-01-31,644.5217726855059,536.0,20.24659938162423,455.37413824499396,829.937005571447
2023-02-01,641.7210067919877,450.0,42.604668175997276,445.9133059331024,835.7416502189907
2023-02-02,638.3340706605526,590.0,8.192215366195352,446.3080173778408,842.6092106095942
2023-02-03,652.692405888339,1090.0,40.11996276253771,469.9306642573099,846.1707900606517
2023-02-06,644.1457434439006,570.0,13.008025165596603,440.416239874234,823.7963161902707
2023-02-07,643.9801179130822,450.0,43.10669286957381,453.32636314271105,837.5175828454578
2023-02-08,641.1816410229077,618.0,3.7510745991760004,448.8033383564474,817.6933687929196
2023-02-09,637.7974871693117,605.0,5.421072259390362,454.7173333564922,843.8506586229638
2023-02-10,652.1436868800508,600.0,8.690614480008472,469.3280231468992,852.184618395159
2023-02-13,643.6040144063569,716.0,10.111171172296523,448.63659032165634,828.2469617958394
2023-02-14,643.4384630810687,594.0,8.322973582671494,461.7223936277944,828.52946079547
2023-02-15,640.6422751845919,585.0,9.511500031554169,452.56273498492254,818.5259497902713
2023-02-16,637.2609036190323,585.0,8.933487798125181,435.0244870163305,827.280321838391
2023-02-17,651.5949678214512,499.0,30.580153872034305,461.79026511440173,838.473721326077
2023-02-20,643.062285348945,577.0,11.449269557876086,465.2508056640523,826.1368128023394
2023-02-21,642.8968082391225,492.0,30.670082975431402,449.18151627615333,830.1663705016289
2023-02-22,640.1029093462762,600.0,6.6838182243793645,463.9458599216792,838.2736280274192
2023-02-23,636.7243200687344,650.0,2.0424122971177825,443.0210891645961,818.1642950811425
2023-02-24,651.0462487627685,840.0,22.49449419490851,472.04940777333815,826.720894985284
2023-02-27,642.5205562915329,810.0,20.67647453190952,448.6205636647305,812.8404780137303
2023-02-28,642.3551533971696,709.0,9.399837320568462,480.0159353571148,840.6397129488661
2023-03-01,639.5635435079604,1200.0,46.7030380410033,449.41848992395074,817.8962161820529
2023-03-02,636.1877365184549,808.0,21.263893995240725,438.45337511160477,820.4978701265743
2023-03-03,650.4975297041688,619.0,5.088453910204969,458.0444378546393,835.8626449582879
2023-03-06,641.9788272341445,777.0,17.37724231220791,458.4748710950551,811.9301134845138
2023-03-07,641.8134985552233,822.0,21.920498959218577,442.27757060075777,828.3852283604882
2023-03-09,635.6511529681757,929.0,31.576840369410586,429.6703247414719,833.0421167029156
2023-03-11,664.071879761692,898.0,26.049902030991984,481.63408310468037,845.3303506986047
2023-03-13,641.4370981767328,697.0,7.971721925863304,446.5335525425034,847.7865795030496
2023-03-14,641.2718437132769,597.0,7.415719214954255,455.5372256121108,836.9540983214861
2023-03-15,638.4848118313291,727.0,12.1754041497484,436.8321006340245,823.5530567640408
2023-03-16,635.1145694178961,597.0,6.384349986247247,437.4996778600043,837.7278666261125
2023-03-17,649.4000915669143,627.0,3.5725823870676687,459.0574058492114,839.9422104392618
2023-03-23,634.577985730335,520.0,22.03422802506441,445.5633120512982,824.6103902890736
2023-03-24,648.8513723679281,685.0,5.277171917090789,459.31003127685943,845.7889298815843
2023-03-25,662.9504594163652,550.0,20.536447166611858,468.8894257952494,852.2306349690526
2023-03-27,640.353639844135,658.0,2.6818176528670143,441.72114307681414,818.1720737909034
2023-03-28,640.1885337918201,538.0,18.99415126242009,465.3714618134172,827.9682256903548
2023-03-29,637.406079898451,643.0,0.8699720220138374,441.68146508685265,824.9825895570466
2023-03-30,634.0414020427554,682.0,7.032052486399501,451.9070395287399,828.9260070500222
2023-03-31,648.3026531689416,528.0,22.78459340320863,453.90856888826295,837.3431148040092
2023-04-03,639.8119106481249,555.0,15.28142534200449,458.20300364308537,845.6818147544747
2023-04-04,639.6468788112945,494.0,29.483173848440185,463.71411836558974,846.4746706266253
2023-04-05,636.8667139221419,680.0,6.343130305567366,450.3169658426794,827.4294234223999
2023-04-06,633.5048183551943,506.0,25.198580702607565,447.68742947538277,815.8615892384171
2023-04-07,647.7539339698728,666.0,2.7396495540731483,466.9879074618916,843.2700133013767
2023-04-10,639.2701814521148,620.0,3.1080937825991612,451.26637323972545,834.8421356190502
2023-04-11,639.1052238307692,500.0,27.82104476615384,455.7232855394181,834.0389683145562
2023-04-12,636.3273479458326,620.0,2.6334432170697695,456.1858423141156,830.9371197169652
2023-04-13,632.968234667633,500.0,26.59364693352661,446.68234533269253,812.169720548993
2023-04-14,647.2052147708866,620.0,4.387937866272039,458.34527440406356,847.6456562876166
2023-04-17,638.7284522561047,620.0,3.0207181058233346,452.2165245016002,827.3245226296536
2023-04-18,638.5635688502371,500.0,27.712713770047415,458.49829297792246,829.5555026366083
2023-04-19,635.7879819695233,710.0,10.452396905700938,446.96263539312656,819.5763586083112
2023-04-20,632.4316509800719,1361.0,53.53184048640177,444.5102676934255,816.1996536641946
2023-04-25,638.0219138697116,1000.0,36.19780861302884,457.4297220117758,814.816429592745
2023-04-26,635.2486159932411,680.0,6.581085883346903,467.9318824963037,819.334418353765
2023-04-27,631.8950672875937,500.0,26.379013457518752,452.05853098116637,818.8572974750114
2023-04-28,646.1077763628575,1332.0,51.49341018296866,448.05993944445976,832.5849532573337
2023-05-01,637.6449938392639,610.0,4.53196620315801,456.74332959619045,811.9719464212674
2023-05-02,637.4802588594055,560.0,13.83576051060812,444.11697202731074,826.9682382923952
2023-05-03,634.7092499823347,591.0,7.395812179752056,423.8570831508063,836.6467847204668
2023-05-04,631.3584835655954,1171.0,46.083818653663926,442.43446247985395,819.3055232667555
2023-05-05,645.5590571286741,1085.0,40.501469389062294,452.03534837546516,825.9217114614411
2023-05-08,637.1032646085049,420.0,51.69125347821545,449.1722578983601,815.9812433328065
2023-05-10,634.1698839714284,580.0,9.33963516748765,451.0290385159715,805.5906155643198
2023-05-11,630.8218998436156,420.0,50.1956904389561,428.2682951516216,833.7847428847791
2023-05-12,645.0103378944906,580.0,11.208678947325962,467.5453627617566,850.3224325514348
2023-05-15,636.5615353777695,652.0,2.3678626721212463,446.31734986560934,819.3468054267361
2023-05-16,636.3969488288665,545.0,16.770082353920454,435.3261435079625,825.6598079661645
2023-05-17,633.6305179605218,699.0,9.351857230254385,438.91484646096177,823.6060775945625
2023-05-18,630.2853161216356,550.0,14.597330203933739,442.49007334928257,812.3723298279598
2023-05-19,644.4616186603072,750.0,14.071784178625709,459.7349348483721,842.4530845805517
2023-05-22,636.0198061470105,542.0,17.346827702400464,449.83250540349826,829.2500265701495
2023-05-23,635.855293813597,960.0,33.765073561083646,451.46987468779946,825.5227106601872
2023-05-24,633.0911519496154,660.0,4.077098189452206,443.35056987535995,824.6114713199056
2023-05-25,629.7487323996559,558.0,12.858195770547646,441.82709359706297,821.4345743727889
2023-05-26,643.9128994260416,670.0,3.893597100590809,455.7413677882589,831.1162473138942
2023-05-29,635.4780769162517,550.0,15.541468530227576,453.2002431446061,819.418032406674
2023-05-30,635.313638798321,711.0,10.645057834272716,448.79579368866627,814.2417792966321
2023-05-31,632.551785938736,1080.0,41.43039019085778,435.1752684128198,803.0841035091195
2023-06-01,629.212148677676,575.0,9.428199770030618,451.8803093358589,830.1771624582232
2023-06-02,643.3641802034784,665.0,3.2535067363190313,451.86909380704157,834.4451761781394
2023-06-05,634.9363477313825,705.0,9.938106704768439,441.0124692048914,829.0154964079298
2023-06-06,634.7719838404058,525.0,20.90894930293444,462.932009031168,818.5460053110434
2023-06-07,632.0124199963639,705.0,10.352848227466119,442.5200228021791,811.5871283823624
2023-06-08,628.6755650352402,525.0,19.747726673379084,438.7561185870392,836.3423335561694
2023-06-09,642.8154610506381,705.0,8.820501978632898,450.1728479382753,835.8384754127921
2023-06-12,634.3946185809306,737.0,13.92203275699721,436.8035901438663,827.5152788172503
2023-06-13,634.2303289054322,565.0,12.253155558483575,446.78965318693844,830.394716176238
2023-06-14,631.4730540654141,685.0,7.814152691180425,436.9948392457449,827.7630722317027
2023-06-15,628.1389813928045,525.0,19.64552026529609,432.4941828030897,817.5382125333863
2023-06-16,642.2667418977159,685.0,6.238431839749509,437.2342786562199,832.4677140585151
2023-06-19,633.8528894304787,925.0,31.475363304813108,441.3063639485254,812.1909279764702
2023-06-20,633.6886739704587,525.0,20.702604565801654,438.7217626421159,825.4435907118038
2023-06-21,630.9336881344644,781.0,19.214636602501354,448.38755706632645,826.4263342867155
2023-06-22,627.6023977503505,825.0,23.926982090866602,444.3355398751427,824.3353363253916
2023-06-23,641.7180227448756,990.0,35.17999770253782,452.40779113515606,827.0926106322444
2023-06-26,633.3111602800501,1030.0,38.51347958446116,446.307956010612,824.5489079580501
2023-06-27,633.1470190354786,890.0,28.85988550163162,449.0092766440578,824.3562813051957
2023-07-03,632.769431129598,640.0,1.1297763860003052,435.56546864123544,825.2200847404954
2023-07-04,632.6053641005052,500.0,26.52107282010104,452.52433030836227,822.7438417281329
2023-07-05,629.8549562725648,650.0,3.099237496528496,432.58824765762563,819.7464341451616
2023-07-06,626.5292304654789,500.0,25.305846093095784,445.0518760039407,811.0029671067997
2023-07-07,640.6205844391948,650.0,1.4429870093546504,439.6731629528652,824.9987623945294
2023-07-10,632.2277019791463,727.0,13.03607950768276,449.6963159129773,834.9776968785307
2023-07-11,632.0637091655315,500.0,26.41274183310629,440.1678303321561,813.7171329239218
2023-07-12,629.3155903549298,683.0,7.860089259893151,451.8534020963278,827.7658248694581
2023-07-13,625.9926468495172,500.0,25.19852936990344,442.39583187433124,813.0019329812164
2023-07-14,640.0718653269912,690.0,7.235961546812869,424.84658928567194,819.9044774226837
2023-07-17,631.685972908933,1169.0,45.96356091454808,431.55577224966515,814.848047905081
2023-07-18,631.522054324157,500.0,26.3044108648314,452.5439737091898,821.4583436427248
2023-07-19,628.7762245172104,670.0,6.152802310864122,438.6133020954,812.5823334279828
2023-07-20,625.4560632998042,500.0,25.091212659960842,426.9213640360346,829.9770301527236
2023-07-21,639.5231462689705,640.0,0.07450839547335164,458.3980303469224,825.4148967495232
2023-07-24,631.1442438521163,640.0,1.3837118981068208,454.27115101496014,808.1465320956735
2023-07-25,630.9803994827826,500.0,26.196079896556512,448.92098622652617,810.502175826228
2023-07-26,628.2368586794641,660.0,4.812597169778159,434.52310548215206,813.3722724499416
2023-07-27,624.9194797500912,500.0,24.983895950018244,428.803084401568,823.4101807118257
2023-07-28,638.9744272109499,779.0,17.975041436335058,452.8351563354393,828.1885407501431
2023-07-31,630.6025147952763,660.0,4.454164424958136,435.49142508588625,834.7072288600357
2023-08-01,630.4387446414081,457.0,37.95158526070199,433.12594828533935,822.8615774904035
2023-08-02,627.697492841718,647.0,2.9833859595489907,442.62438229654083,822.3294790925393
2023-08-03,624.3828962003781,457.0,36.62645431080484,435.0051387526739,815.3610694875734
2023-08-04,638.4257081528478,647.0,1.325238307133254,450.4371465075504,831.508039813404
2023-08-08,629.8970898000337,457.0,37.833061225390296,428.54350479050015,825.9317193097395
2023-08-09,627.1581270039985,637.0,1.545035007221583,442.5577100865686,816.0694213866245
2023-08-10,623.8463126506653,457.0,36.50903996732281,441.7339001274155,819.294884941643
2023-08-11,637.8769890948273,597.0,6.8470668500548255,450.1754959481297,825.4865900847025
2023-08-14,629.5190566815963,747.0,15.727033911432887,443.8241123368949,821.9109193210754
2023-08-15,629.3554349586528,557.0,12.990203762774296,442.84697613489107,804.3107759619738
2023-08-16,626.6187611662524,637.0,1.629707823194286,431.89210925317843,812.0903575548954
2023-08-17,623.3097388475051,456.0,36.69073220340023,444.09045823617936,810.0337416898979
2023-08-18,637.3282899707731,556.0,14.627390282513145,455.7559124016304,823.4116658628893
2023-08-21,628.9773768248372,556.0,13.125427486481506,437.6164356282197,807.2012238929659
2023-08-22,628.8138391492869,456.0,37.89777174326467,425.00859027886537,825.0268277572283
2023-08-23,626.0794639081391,618.0,1.307356619439989,449.168554929223,815.0605528585681
2023-08-24,622.7732235236608,529.0,17.72650728235554,432.2046989985342,801.7659128781738
2023-08-25,636.7796406816344,531.0,19.920836286560153,457.099336803474,828.4308052892404
2023-08-28,628.4357166481102,561.0,12.02062685349558,446.26041329883435,813.3704223641163
2023-08-29,628.272253178589,508.0,23.67564038948603,437.9412542406366,797.2183198921947
2023-08-30,625.5401666500259,550.0,13.734575754550157,434.8374114961937,820.8968770615164
2023-08-31,622.2367081997985,523.0,18.97451399613738,430.44744258282003,824.6346087461496
2023-09-04,627.8940564713832,674.0,6.840644440447591,449.4781990079527,825.5539753008642
2023-09-05,627.7306672078847,677.0,7.277597162793985,450.827509262234,811.7384004065625
2023-09-06,625.0008693919126,600.0,4.166811565318767,443.36274193397827,812.8068232226107
2023-09-07,621.7001928759543,525.0,18.419084357324618,430.22279676811235,805.6522503310476
2023-09-08,635.6823421033572,525.0,21.082350876829942,455.60916752267815,826.4142803567202
2023-09-11,627.3523962946794,525.0,19.495694532319877,425.061120693281,817.349001957828
2023-09-12,627.1890812371869,625.0,0.35025299794990133,451.98180513473795,829.0510263913086
2023-09-13,624.4615721337993,525.0,18.945061358818922,437.5866797579155,827.500975560264
2023-09-14,621.1636775521099,725.0,14.322251372122771,426.12795294432976,809.7033825576054
2023-09-15,635.1336928142186,525.0,20.97784625032736,449.94256012991076,816.9076824561189
2023-09-18,626.8107361179523,625.0,0.28971777887236383,444.2572920499119,813.6062354175968
2023-09-19,626.6474952664889,525.0,19.361427669807416,424.93280842677245,818.2223634126905
2023-09-20,623.9222748756861,707.0,11.750739055772833,436.86967915678196,799.3993415394626
2023-09-21,620.6271622282657,525.0,18.2146975672887,439.810834166117,792.389403097046
2023-09-22,634.585043524999,525.0,20.873341623809342,445.6479349373798,831.2347460087786
2023-09-25,626.2690759412254,600.0,4.37817932353757,431.8533443618077,803.2011597308841
2023-09-26,626.1059092957911,525.0,19.25826843729354,428.374049175707,808.0068968820905
2023-09-27,623.3829776175994,525.0,18.73961478430465,434.92544757852215,816.7309531094514
2023-09-28,620.0906469044214,525.0,18.112504172270746,435.50105271457755,805.2818898315273
2023-09-29,634.0363942358604,618.0,2.594885798682908,436.30977004966286,817.0922817459655
2023-10-05,619.5541315805772,75.0,726.0721754407696,416.395132824979,814.5788232768676
2023-10-06,633.4877449467217,97.0,553.0801494296101,452.10520726777776,810.5873376952835
2023-10-10,625.0227373543952,186.0,236.03372976042755,441.88283982041014,814.3107407229494
2023-10-12,619.0176162567328,237.0,161.1888676188746,427.4918865700839,811.1122076620843
2023-10-16,624.6440954110674,520.0,20.123864502128345,435.6545136326691,826.3574524854823
2023-10-17,624.4811513836974,520.0,20.09252911224949,441.76237647421794,823.7065915863111
2023-10-18,621.7650858432595,550.0,13.048197426047182,429.17693522295025,804.1470489388213
2023-10-19,618.4811009328706,520.0,18.938673256321273,436.06795003220657,793.4296299166025
2023-10-20,632.3904463683638,549.0,15.18951664268921,449.03718068831944,816.0861989071254
2023-10-23,624.1024352343405,520.0,20.019699083527026,434.89244325567057,822.1634713864277
2023-10-24,623.939565412993,520.0,19.98837796403712,433.7158675000812,808.2982398672826
2023-10-25,621.2257885851463,540.0,15.041812700953027,436.1932997935578,813.935741495609
2023-10-26,617.9445856090263,550.0,12.353561019822957,421.5658272563518,812.0436751269888
2023-10-27,631.841797079225,720.0,12.24419485010764,458.57889984567913,816.4575143011878
2023-10-31,623.3979794422952,845.0,26.225091190260923,447.42217955227096,811.308943786931
2023-11-01,620.6864913270331,455.0,36.41461347846881,424.65801227426846,813.7058073704429
2023-11-02,617.4080702851819,455.0,35.694081381358664,427.58661870000196,803.111675289144
2023-11-03,631.2931477900863,455.0,38.74574676705194,449.7179983976511,811.0944711138325
2023-11-06,623.0191148808866,455.0,36.92727799579925,434.73981760493893,814.6848892966113
2023-11-07,622.8563934715972,501.0,24.322633427464517,448.03953333728134,802.0584730443067
2023-11-08,620.1471940689198,515.0,20.416930887168895,414.3522329729434,801.5906190368194
2023-11-09,616.8715549613197,515.0,19.78088445850868,417.992533809939,793.7318817691244
2023-11-10,630.7444985009475,519.0,21.5307318884292,441.3766939276919,810.3394182890199
2023-11-14,622.3148075008994,715.0,12.962963985888196,430.3336114632312,798.0188492659134
2023-11-15,619.6078968108328,559.0,10.84219978726884,420.65635202507167,799.6690993130718
2023-11-16,616.3350396374756,479.0,28.671198254170267,422.4782800144162,802.2640427561015
2023-11-17,630.1958492118089,534.0,18.014203972248854,447.3578015889795,815.947226525342
2023-11-20,621.9357945274556,554.0,12.262778795569611,436.05575383448684,830.9469050023403
2023-11-21,621.7732215302016,554.0,12.23343348920606,443.48981820415025,800.7021981392209
2023-11-22,619.0685995527197,554.0,11.745234576303186,432.1137069111289,801.8358335789023
2023-11-23,615.7985243136312,454.0,35.638441478773395,427.81431914520556,812.430390293327
2023-11-24,629.6471999226701,554.0,13.654729227918791,426.37481651502026,815.1292588626691
2023-11-27,621.3941343507287,534.0,16.36594276230874,433.841514227357,802.1632664446505
2023-11-28,621.2316355595036,454.0,36.835162017511806,427.0093812896074,810.2815422739166
2023-11-29,618.5293022946064,514.0,20.336440135137433,429.2482629393716,811.8876778100356
2023-11-30,615.262008989787,539.0,14.14879573094378,431.8297866807945,814.9161985042023
2023-12-01,629.098550633451,595.0,5.73084884595816,430.31118858139524,818.3222647135059
2023-12-04,620.8524741740016,595.0,4.344953642689345,433.9807966343974,800.0546581772848
2023-12-05,620.6900495888057,515.0,20.522339725981684,437.7650489132276,812.8212147996502
2023-12-06,617.9900050365194,595.0,3.863866392692335,437.44137388056595,804.0555274657801
2023-12-07,614.7254936659426,595.0,3.315209019486155,415.7334063502208,801.7776411389909
2023-12-11,620.3108139972747,575.0,7.880141564743434,421.17721350089045,821.5074575705355
2023-12-12,620.1484636181015,515.0,20.4171774015731,427.6491388698885,793.6169398977055
2023-12-13,617.4507077784062,615.0,0.3984890696595513,442.5154952505248,804.9880768810549
2023-12-14,614.1889783420984,515.0,19.25999579458221,428.1916270411969,810.1883932631013
2023-12-15,628.0012520551736,615.0,2.114024724418473,425.7744495157525,814.2882360534098
2023-12-18,619.7691538205478,585.0,5.943445097529536,420.0779930904216,798.0559444799694
2023-12-19,619.6068776474035,715.0,13.34169543392958,424.21996210177764,804.1150664584579
2023-12-20,616.911410520293,685.0,9.939940070030223,429.2172317204632,800.7653082040766
2023-12-21,613.652463018254,818.0,24.981361489211,417.25783694966685,809.6610400277441
2023-12-22,627.4526027660347,832.0,24.585023706005444,440.7457478471531,818.4587529252734
2023-12-25,619.2274936438209,901.0,31.273308141640292,422.9257806485029,811.8740726613189
2023-12-26,619.0652916767057,785.0,21.138179404241317,424.102404375413,808.9916084600189
2023-12-27,616.3721132621798,675.0,8.685612850047434,425.4999356598468,802.3770663565335
2023-12-28,613.1159476943918,681.0,9.968289619032038,411.2909236712343,786.1598206043029
2023-12-29,626.9039534768959,725.0,13.530489175600561,426.0372916356085,816.682983463984
2024-01-03,615.8328160040666,570.0,8.040844912994134,414.1268539714141,806.4623801971469
2024-01-04,612.5794323705475,620.0,1.1968657466858927,434.8372333995555,798.3703259513695
2024-01-05,626.3553041876772,590.0,6.16191596401309,446.97448147221706,811.4549253592213
2024-01-06,639.9628004293079,590.0,8.468271259204727,444.58172955617846,829.6918930962462
2024-01-08,618.1441732903899,599.0,3.1960222521518964,429.07436211153737,808.6803638163952
2024-01-09,617.9821197353035,599.0,3.168968236277715,442.74757276341836,799.0900692921896
2024-01-10,615.2935187459534,609.0,1.0334185132928417,429.7593100599376,803.448070247324
2024-01-11,612.0429170467033,609.0,0.49965797154406194,425.24297201576013,805.7004645937443
2024-01-12,625.8066548985386,609.0,2.75971344803589,431.91570946762255,804.8809206008362
2024-01-15,617.6025131136629,619.0,0.22576524819662452,434.30788856760813,799.2387061355809
2024-01-16,617.4405337646056,619.0,0.25193315596032934,437.4585999491483,803.2923070156755
2024-01-17,614.7542214878404,599.0,2.6300870597396275,426.300021702405,800.776695786456
2024-01-18,611.506401722859,599.0,2.0878800872886445,418.30730794007815,799.5767557002604
2024-01-19,625.2580056093997,629.0,0.5949116678219913,445.76605672566376,805.2586422855314
2024-01-22,617.0608529369359,629.0,1.8981155903122529,429.20279498809424,815.1169267781888
2024-01-23,616.8989477939077,631.0,2.2347150881287288,420.6432416202678,802.2222378644352
2024-01-24,614.2149242297531,729.0,15.745552231858282,430.13232219022456,813.025480242076
2024-01-25,610.9698863990146,760.0,19.609225473813865,409.9382580049525,814.7008465828173
2024-01-26,624.7093563202608,750.0,16.70541915729856,440.6455586260239,811.1385644024228
2024-01-29,616.5191927602316,665.0,7.290346953348633,419.04337338807926,792.5333527077494
2024-01-30,616.3573618232098,677.0,8.957553645020713,427.7724967877037,781.0641512111514
2024-01-31,613.6756269716399,625.0,1.8118996845376205,431.39526146713024,796.5791049690791
2024-02-01,610.4333710751524,573.0,6.532874533185414,425.9780735190244,799.8438459269911
2024-02-02,624.1607070311219,914.0,31.71108238171533,422.8838357595381,803.2401140941579
2024-02-05,615.9775325835049,534.0,15.351597862079561,419.38439908116686,813.5484837705915
2024-02-06,615.8157758525118,534.0,15.321306339421689,433.17981568525704,812.3527913893981
2024-02-07,613.1363297135268,790.0,22.38780636537635,433.41941473285897,797.9781602537885
2024-02-08,609.8968557513083,560.0,8.910152812733624,411.75148666619384,804.8764776647902
2024-02-09,623.6120577419035,544.0,14.634569437849912,431.1085482819761,835.0766511298583
2024-02-12,615.4358724067779,670.0,8.14389964077942,426.85624521442344,803.1899851083164
2024-02-14,612.5970324554136,610.0,0.4257430254776342,439.7932895307384,801.3834375218692
2024-02-15,609.3603404274639,600.0,1.5600567379106565,433.1117674845775,805.2451590702177
2024-02-16,623.0634084527647,683.0,8.775489245568851,435.8613081215818,812.0288220528569
2024-02-19,614.8942122300509,612.0,0.47291049510636035,426.8964098627487,803.5662462342561
2024-02-20,614.7326039111098,600.0,2.4554339851849627,422.479526893151,820.7367853312169
2024-02-21,612.0577351973004,613.0,0.15371367091347193,436.6369178147682,795.3876625227094
2024-02-22,608.8238251036196,603.0,0.9658084748954533,420.73114162248663,786.6225850074891
2024-02-23,622.5147591636257,633.0,1.6564361510859809,426.40465858233557,831.4293611117218
2024-02-26,614.3525520533242,678.0,9.3875291956749,410.5155048487268,795.7965374272453
2024-02-27,614.1910179404118,593.0,3.5735274773038492,427.2083457640877,811.5386702237575
2024-02-28,611.5184379392132,648.0,5.6298706883930265,426.518392070252,799.314279843627
2024-02-29,608.2873097797752,575.0,5.789097353004387,405.49296880775717,804.0264140326685
2024-03-01,621.9661098744868,662.0,6.047415426814676,436.92899059181576,819.2313254830469
2024-03-04,613.8108918765972,662.0,7.27932146879196,432.48732126969173,804.1777657033307
2024-03-05,613.6494319697139,561.0,9.384925484797483,419.1986937278341,809.2049250801574
2024-03-06,610.9791406811001,661.0,7.5674522418910515,433.5905890954501,797.089821572025
2024-03-07,607.7507944559133,561.0,8.33347494757812,423.93463045747984,791.024600582609
2024-03-11,613.2692316998704,663.0,7.500870030185464,431.1660329099602,803.6168719880761
2024-03-12,613.107845999016,681.0,9.969479295298674,431.77428994891585,799.7567924197637
2024-03-13,610.4398434229869,708.0,13.779683132346484,437.6301986537181,802.1197922713917
2024-03-14,607.2142791320689,661.0,8.137022824195327,425.1389216747658,784.6933116791915
2024-03-15,620.868811296209,661.0,6.071284221450991,431.88244100185426,807.8023520475774
2024-03-18,612.727571523166,661.0,7.3029392551942465,416.75418710854245,803.5734536459046
2024-03-19,612.5662600283181,610.0,0.4206983652980465,431.8249468314046,807.8455136458797
2024-03-20,609.9005461648737,661.0,7.730628416811841,419.0544979041349,794.1536942258559
2024-03-25,612.1859113464391,661.0,7.384884818995602,436.6655172831643,799.5729816202207
2024-03-26,612.0246740576201,561.0,9.095307318648866,428.5938064961924,804.0905438340897
2024-03-27,609.3612489067606,661.0,7.812216504272226,419.8443501632907,797.239745286606
2024-03-29,619.7715127178519,678.0,8.588272460493817,413.15990568969994,802.6433119287192
2024-04-01,611.6442511697122,621.0,1.5065618084199324,414.09379375711757,781.1412083574963
2024-04-02,611.483088086916,625.0,2.1627059060934335,425.60625485267906,803.5676283634552
2024-04-03,608.8219516486733,625.0,2.5884877362122642,417.1597147506308,793.7641021110335
2024-04-04,605.604733160536,605.0,0.09995589430346168,417.1694788195445,791.7843016639596
2024-04-05,619.222863428713,605.0,2.3508865171426487,417.90573134810666,795.3077970410761
2024-04-08,611.1025909929854,505.0,21.010414058016906,414.61462475704036,794.8504733457814
2024-04-09,610.9415021162181,1320.0,53.71655286998348,438.6070979108553,794.4862524376966
2024-04-13,632.1138574207013,680.0,7.042079791073344,449.66545030985276,826.585500601426
2024-04-15,610.5609308162584,855.0,28.58936481681188,423.79051908339414,792.5650650494285
2024-04-16,610.3999161455201,915.0,33.28962665076283,428.9257024830333,812.7538881076222
2024-04-17,607.7433571324469,815.0,25.43026292853412,423.5160449634318,803.5015468936274
2024-04-18,604.5317025128471,,,400.6789183835024,797.1711003835587
2024-04-19,618.1255648503562,,,420.4256346263808,794.7665366505662
2024-04-20,631.5532186343745,,,435.3476769380393,818.5669161219705
2024-04-21,622.6183790672243,,,428.48924897273076,812.8596186162541
2024-04-22,610.0192706395317,,,422.2855518666715,793.687443456791
2024-04-23,609.8583301748223,,,415.91345285246837,803.3242882036747
2024-04-24,607.2040598743339,,,404.1712036450335,787.4261087983946
2024-04-25,603.9951871889854,,,416.6960713843797,806.4358062436892
2024-04-26,617.5769155612171,,,434.81135801159996,806.3174133509257
2024-04-27,630.9925798480477,,,436.6268391606421,797.763217867446
2024-04-28,622.0656017640281,,,430.5270841089475,808.6025252918112
2024-04-29,609.4776104628272,,,423.8987491455395,796.5781344830317
2024-04-30,609.3167442041181,,,419.7349921168886,804.7331242062616
2024-05-01,606.6647626162207,,,412.8498668359221,788.9371126556654
2024-05-02,603.4586718651409,,,411.0954215828772,781.9697531462007
2024-05-03,617.0282662720782,,,432.7820253328389,807.4729045083441
2024-05-04,630.4319410617211,,,445.357319260055,820.8549881306303
2024-05-05,621.5128244608318,,,431.22425371867223,796.3144551947122
2024-05-06,608.9359502861004,,,414.31963550094696,788.8907834489992
2024-05-07,608.7751582334201,,,434.068712609102,795.3078111345803
2024-05-08,606.1254653581076,,,399.29786233713,794.5355429255743
2024-05-09,602.9221565412964,,,421.49953720973787,799.0364763721306
2024-05-10,616.4796169829392,,,414.823373857816,809.2102788048743
2024-05-11,629.8713022753835,,,436.90970736731146,817.4489751521174
2024-05-12,620.9600471576352,,,426.85087014132125,798.3616677386179
2024-05-13,608.3942901093735,,,430.56355586827385,786.148246649516
2024-05-14,608.2335722627222,,,436.0394322311786,791.7012682826312
2024-05-15,605.5861680999946,,,423.12150256842244,791.3852025130768
2024-05-16,602.3856412174346,,,427.94587592894004,786.3601577613731
2024-05-17,615.9309676938002,,,430.93921924227953,811.980170544039
